{
    "anims": [
        {
            "key": "female_walk",
            "type": "frames",
            "repeat": -1,
            "frameRate": 12,
            "frames": [
                {
                    "key": "female",
                    "frame": "townsfolk_f_walk_1"
                },
                {
                    "key": "female",
                    "frame": "townsfolk_f_walk_2"
                },
                {
                    "key": "female",
                    "frame": "townsfolk_f_walk_3"
                },
                {
                    "key": "female",
                    "frame": "townsfolk_f_walk_4"
                }
            ]
        },
        {
            "key": "female_idle",
            "type": "frames",
            "repeat": -1,
            "frameRate": 12,
            "frames": [
                {
                    "key": "female",
                    "frame": "townsfolk_f_idle_1"
                },
                {
                    "key": "female",
                    "frame": "townsfolk_f_idle_2"
                },
                {
                    "key": "female",
                    "frame": "townsfolk_f_idle_3"
                },
                {
                    "key": "female",
                    "frame": "townsfolk_f_idle_4"
                }
            ]
        }
    ]
}